City_ID,City,Lat,Lng,Max Temp,Humidity,Cloudiness,Wind Speed,Country,Current Description
0,Albany,42.6001,-73.9662,60.17,25,1,5.01,US,clear sky
1,Los Llanos De Aridane,28.6585,-17.9182,67.12,78,0,16.11,ES,clear sky
2,Sao Filipe,14.8961,-24.4956,71.91,75,1,9.44,CV,clear sky
3,Upernavik,72.7868,-56.1549,-8.18,93,31,12.73,GL,scattered clouds
4,Hofn,64.2539,-15.2082,45.61,95,87,10.36,IS,overcast clouds
5,Roma,43.2128,-75.4557,59.72,31,40,14.97,US,scattered clouds
6,Teluknaga,-6.0989,106.6381,82.18,83,40,4.61,ID,haze
7,Ushuaia,-54.8,-68.3,44.22,93,40,0.0,AR,scattered clouds
8,Busselton,-33.65,115.3333,58.96,91,0,8.05,AU,clear sky
9,Torbay,47.6666,-52.7314,43.88,66,65,5.99,CA,broken clouds
10,Luderitz,-26.6481,15.1594,66.94,55,0,33.51,NA,clear sky
11,Hermanus,-34.4187,19.2345,61.97,52,3,18.52,ZA,clear sky
12,Atuona,-9.8,-139.0333,78.33,78,26,14.61,PF,light rain
13,Bataipora,-22.2953,-53.2711,75.52,64,41,5.26,BR,scattered clouds
14,Kysyl-Syr,63.8986,122.7617,18.68,91,96,8.72,RU,overcast clouds
15,Pochutla,15.7432,-96.4661,85.82,50,16,4.76,MX,few clouds
16,Harper,4.375,-7.7169,83.37,70,98,8.81,LR,overcast clouds
17,Tasiilaq,65.6145,-37.6368,33.93,99,100,10.96,GL,snow
18,Butaritari,3.0707,172.7902,80.44,74,100,3.65,KI,overcast clouds
19,Akureyri,65.6835,-18.0878,48.0,80,86,18.68,IS,overcast clouds
20,Henties Bay,-22.116,14.2845,62.24,77,3,13.49,NA,clear sky
21,Bredasdorp,-34.5322,20.0403,60.64,47,35,13.47,ZA,scattered clouds
22,Brae,60.3964,-1.353,49.66,78,91,17.29,GB,overcast clouds
23,New Norfolk,-42.7826,147.0587,54.9,72,55,1.97,AU,broken clouds
24,Shelburne,44.0787,-80.2041,49.77,41,74,22.62,CA,broken clouds
25,Yellowknife,62.456,-114.3525,12.42,78,99,10.0,CA,overcast clouds
26,Naze,28.3667,129.4833,64.56,75,99,21.03,JP,overcast clouds
27,Nadapuram,11.7,75.6667,81.41,84,59,2.37,IN,broken clouds
28,Rikitea,-23.1203,-134.9692,77.61,69,0,14.79,PF,light rain
29,Bluff,-46.6,168.3333,59.81,66,100,22.59,NZ,overcast clouds
30,Mataura,-46.1927,168.8643,59.49,63,100,11.34,NZ,overcast clouds
31,Longyearbyen,78.2186,15.6401,30.04,69,100,4.61,SJ,overcast clouds
32,Itarema,-2.9248,-39.9167,85.82,67,80,6.98,BR,broken clouds
33,Cherskiy,68.75,161.3,6.57,99,95,4.05,RU,overcast clouds
34,Airai,-8.9266,125.4092,62.28,94,100,2.44,TL,moderate rain
35,Puerto Ayora,-0.7393,-90.3518,80.56,81,48,10.47,EC,scattered clouds
36,Namibe,-15.1961,12.1522,76.3,67,67,11.01,AO,broken clouds
37,Tuktoyaktuk,69.4541,-133.0374,-13.97,100,99,1.66,CA,overcast clouds
38,Guhagar,17.4842,73.1929,81.81,70,95,3.94,IN,overcast clouds
39,Bandarbeyla,9.4942,50.8122,83.52,79,70,13.02,SO,broken clouds
40,Sturgeon Falls,46.3646,-79.9326,40.89,56,90,13.47,CA,overcast clouds
41,Saint-Philippe,-21.3585,55.7679,78.39,83,57,15.61,RE,light rain
42,Lixourion,38.2019,20.4314,66.67,49,70,3.49,GR,broken clouds
43,Kapaa,22.0752,-159.319,71.92,81,20,13.8,US,few clouds
44,Teya,60.3778,92.6267,34.79,99,100,3.53,RU,overcast clouds
45,Rorvik,64.8621,11.2373,41.32,67,62,6.06,NO,broken clouds
46,Ponta Do Sol,32.6667,-17.1,74.71,71,33,5.68,PT,scattered clouds
47,Mar Del Plata,-38.0023,-57.5575,62.62,77,0,14.0,AR,clear sky
48,Vardo,70.3705,31.1107,34.68,76,63,8.43,NO,broken clouds
49,Leh,34.1667,77.5833,41.74,39,69,5.23,IN,broken clouds
50,Hambantota,6.1241,81.1185,82.74,94,40,4.61,LK,scattered clouds
51,Westport,41.1415,-73.3579,65.28,29,28,8.99,US,scattered clouds
52,Cravo Norte,6.3017,-70.2041,85.77,57,100,3.87,CO,overcast clouds
53,Serravalle,43.969,12.4817,67.17,58,0,7.0,SM,clear sky
54,Salalah,17.0151,54.0924,82.49,78,0,8.05,OM,clear sky
55,Jamestown,42.097,-79.2353,58.59,30,20,21.99,US,few clouds
56,Dickinson,29.4608,-95.0513,75.16,94,100,12.66,US,mist
57,Ribeira Grande,38.5167,-28.7,63.0,77,75,17.27,PT,broken clouds
58,Yashalta,46.3395,42.2762,54.03,77,92,9.75,RU,overcast clouds
59,Hobart,-42.8794,147.3294,55.26,70,100,8.05,AU,overcast clouds
60,Vostok,46.4856,135.8833,24.42,79,8,5.44,RU,clear sky
61,Cestas,44.7435,-0.6791,82.02,38,0,4.61,FR,clear sky
62,Chenghai,23.4632,116.768,67.95,71,32,20.38,CN,scattered clouds
63,Norman Wells,65.282,-126.8329,2.48,94,98,5.46,CA,overcast clouds
64,Hilo,19.7297,-155.09,73.27,89,75,5.75,US,broken clouds
65,Bethel,41.3712,-73.414,63.01,29,0,8.05,US,clear sky
66,Lebu,-37.6167,-73.65,57.9,70,69,7.14,CL,broken clouds
67,Yulara,-25.2406,130.9889,80.44,32,75,8.05,AU,broken clouds
68,Komsomolskiy,40.4272,71.7189,75.92,27,0,4.61,UZ,clear sky
69,Puerto Quijarro,-17.7833,-57.7667,84.72,39,0,5.14,BO,clear sky
70,Roald,62.5833,6.1333,54.52,81,20,12.66,NO,few clouds
71,Laguna,38.421,-121.4238,54.32,80,0,9.22,US,clear sky
72,East London,-33.0153,27.9116,63.28,82,100,19.26,ZA,light rain
73,Saskylakh,71.9167,114.0833,-17.7,100,32,3.58,RU,scattered clouds
74,Castro,-24.7911,-50.0119,64.2,48,0,4.23,BR,clear sky
75,Spitak,40.8322,44.2673,49.64,66,87,3.87,AM,overcast clouds
76,Necochea,-38.5473,-58.7368,63.34,50,0,12.8,AR,clear sky
77,Cidreira,-30.1811,-50.2056,63.0,74,100,7.99,BR,overcast clouds
78,Kitgum,3.2783,32.8867,65.8,95,100,5.41,UG,moderate rain
79,Victoria,22.2855,114.1577,74.32,77,28,17.0,HK,scattered clouds
80,Qaanaaq,77.484,-69.3632,-1.53,94,100,2.3,GL,overcast clouds
81,Sedam,17.1773,77.2824,92.88,28,100,13.18,IN,overcast clouds
82,Mahebourg,-20.4081,57.7,76.24,79,19,18.99,MU,light rain
83,Grand-Bourg,15.8835,-61.3148,85.95,74,5,15.66,GP,clear sky
84,Zaysan,47.4667,84.8667,46.92,21,0,1.81,KZ,clear sky
85,Chaadayevka,53.1427,45.9122,46.58,57,38,10.29,RU,scattered clouds
86,Boende,-0.2167,20.8667,76.41,90,98,2.21,CD,light rain
87,Abu Dhabi,24.4667,54.3667,84.96,65,71,3.0,AE,broken clouds
88,Barrhead,55.7992,-4.3929,60.03,70,100,10.36,GB,overcast clouds
89,Belinskiy,52.9647,43.4165,49.33,55,92,10.04,RU,overcast clouds
90,Saint George,37.1041,-113.5841,58.78,25,0,1.01,US,clear sky
91,Klaksvik,62.2266,-6.589,49.12,99,100,14.58,FO,overcast clouds
92,Grand Gaube,-20.0064,57.6608,76.37,84,4,5.99,MU,clear sky
93,Port Elizabeth,-33.918,25.5701,63.1,56,96,5.01,ZA,overcast clouds
94,Megion,61.0296,76.1136,51.82,100,100,10.56,RU,overcast clouds
95,Oldham,53.5405,-2.1183,66.38,58,64,4.0,GB,broken clouds
96,Husavik,66.0449,-17.3389,48.54,66,99,14.25,IS,overcast clouds
97,Margate,51.3813,1.3862,65.1,82,100,1.01,GB,overcast clouds
98,Dikson,73.5069,80.5464,22.6,95,100,15.59,RU,snow
99,Hithadhoo,-0.6,73.0833,84.02,65,10,3.04,MV,clear sky
100,Maungaturoto,-36.1,174.3667,52.66,89,87,3.15,NZ,overcast clouds
101,Souillac,-20.5167,57.5167,76.53,81,25,17.05,MU,light rain
102,Sechura,-5.5569,-80.8222,75.09,62,13,15.1,PE,few clouds
103,Balykshi,47.0667,51.8667,57.2,62,0,15.66,KZ,clear sky
104,Arraial Do Cabo,-22.9661,-42.0278,76.86,57,75,24.16,BR,broken clouds
105,Formosa,-26.1775,-58.1781,69.78,43,0,11.5,AR,clear sky
106,Thompson,55.7435,-97.8558,14.63,68,100,13.42,CA,overcast clouds
107,Zharkent,44.1628,80.0,66.65,18,0,7.4,KZ,clear sky
108,Adrar,20.5022,-10.0711,94.98,8,0,4.12,MR,clear sky
109,Mayo,38.8876,-76.5119,68.67,25,0,5.01,US,clear sky
110,Garca,-22.2106,-49.6561,69.67,63,2,7.96,BR,clear sky
111,Port Alfred,-33.5906,26.891,63.18,82,100,3.0,ZA,overcast clouds
112,Talnakh,69.4865,88.3972,32.65,99,100,11.03,RU,snow
113,Hirara,24.8,125.2833,71.85,79,100,27.11,JP,overcast clouds
114,San Andres,12.5847,-81.7006,84.22,70,40,13.8,CO,scattered clouds
115,Saint-Augustin,51.226,-58.6502,32.45,97,100,6.67,CA,overcast clouds
116,Santa Fe,-31.6333,-60.7,71.02,49,0,4.0,AR,light rain
117,Touros,-5.1989,-35.4608,87.98,59,58,10.65,BR,broken clouds
118,Coihaique,-45.5752,-72.0662,53.53,82,98,8.59,CL,overcast clouds
119,Kununurra,-15.7667,128.7333,78.78,89,68,0.0,AU,broken clouds
120,Dingle,10.9995,122.6711,76.57,91,72,1.28,PH,broken clouds
121,Tezu,27.9167,96.1667,67.55,93,91,7.11,IN,overcast clouds
122,Ukiah,39.1502,-123.2078,42.44,93,100,0.0,US,overcast clouds
123,Saint-Georges,12.0564,-61.7485,83.88,74,20,24.16,GD,few clouds
124,Punta Arenas,-53.15,-70.9167,50.11,93,75,11.5,CL,broken clouds
125,Sibolga,1.7427,98.7792,79.02,86,99,2.17,ID,heavy intensity rain
126,Deputatskiy,69.3,139.9,-0.81,86,100,3.11,RU,overcast clouds
127,Fortuna,40.5982,-124.1573,37.74,96,100,6.91,US,overcast clouds
128,Bengkulu,-3.8004,102.2655,78.42,85,100,3.62,ID,overcast clouds
129,Provideniya,64.3833,-173.3,30.16,94,100,17.43,RU,snow
130,Barrow,71.2906,-156.7887,-5.78,77,0,20.71,US,clear sky
131,Chapais,49.7834,-74.8492,35.38,65,84,13.22,CA,broken clouds
132,Fukue,32.6881,128.8419,56.28,68,92,24.34,JP,overcast clouds
133,Hervey Bay,-25.2986,152.8535,70.45,68,100,14.76,AU,light rain
134,Bilma,18.6853,12.9164,105.62,5,92,17.52,NE,overcast clouds
135,Avarua,-21.2078,-159.775,77.05,88,20,2.3,CK,few clouds
136,Cockburn Town,21.4612,-71.1419,78.76,78,40,20.71,TC,scattered clouds
137,Leningradskiy,69.3833,178.4167,14.04,95,100,9.15,RU,overcast clouds
138,Xai-Xai,-25.0519,33.6442,80.24,80,46,12.95,MZ,light rain
139,Altagracia De Orituco,9.8601,-66.3814,88.09,42,73,7.58,VE,broken clouds
140,Mecca,21.4267,39.8261,93.02,25,38,12.39,SA,scattered clouds
141,Tiksi,71.6872,128.8694,-3.98,100,100,5.57,RU,overcast clouds
142,Saint Anthony,45.0205,-93.218,26.35,56,0,20.71,US,clear sky
143,Port Blair,11.6667,92.75,82.87,69,2,4.36,IN,clear sky
144,Sangar,63.9242,127.4739,12.85,93,99,2.39,RU,overcast clouds
145,Mildura,-34.2,142.15,62.56,55,15,2.3,AU,few clouds
146,Amapa,1.0,-52.0,78.66,88,100,4.81,BR,overcast clouds
147,Khash,28.2211,61.2158,83.73,12,69,15.61,IR,broken clouds
148,Tucuma,-0.1833,-50.05,81.48,80,98,7.05,BR,overcast clouds
149,Kaitangata,-46.2817,169.8464,52.34,69,100,7.54,NZ,overcast clouds
150,Seoul,37.5683,126.9778,51.24,45,52,4.03,KR,broken clouds
151,Mount Isa,-20.7333,139.5,71.37,43,50,0.0,AU,scattered clouds
152,Chuy,-33.6971,-53.4616,69.01,55,78,10.51,UY,broken clouds
153,Labuhan,-6.8844,112.2051,80.78,77,80,3.42,ID,broken clouds
154,Nome,64.5011,-165.4064,38.1,65,100,20.71,US,overcast clouds
155,Sjenica,43.2731,19.9994,65.01,37,16,2.95,RS,few clouds
156,Kahului,20.8947,-156.47,71.83,78,0,9.22,US,clear sky
157,Cascais,38.6979,-9.4215,77.97,53,20,9.22,PT,few clouds
158,Studina,43.9667,24.4167,71.62,31,12,2.71,RO,few clouds
159,Derzhavinsk,51.1,66.3167,64.53,40,75,11.14,KZ,broken clouds
160,Enniscorthy,52.5008,-6.5578,60.82,69,17,13.47,IE,few clouds
161,Xuddur,4.1213,43.8894,89.15,40,86,11.25,SO,overcast clouds
162,Haines Junction,60.7522,-137.5108,15.87,82,15,2.98,CA,few clouds
163,Kalmunai,7.4167,81.8167,81.64,84,11,12.75,LK,few clouds
164,Hami,42.8,93.45,47.14,31,58,11.9,CN,broken clouds
165,Porbandar,21.6422,69.6093,81.68,75,0,9.84,IN,clear sky
166,Half Moon Bay,37.4636,-122.4286,52.83,84,0,9.22,US,clear sky
167,Fairbanks,64.8378,-147.7164,25.14,50,0,13.8,US,clear sky
168,Atasu,48.6814,71.6433,61.83,22,1,8.95,KZ,clear sky
169,Bucerias,20.75,-105.3333,71.58,78,40,4.61,MX,scattered clouds
170,El Alto,-4.2714,-81.2147,74.86,67,57,9.73,PE,broken clouds
171,Nouadhibou,20.931,-17.0347,63.7,89,0,22.08,MR,clear sky
172,Vaini,-21.2,-175.2,78.96,89,40,5.75,TO,scattered clouds
173,Macenta,8.5435,-9.471,93.38,37,67,4.36,GN,broken clouds
174,Kozelsk,54.0375,35.7716,51.37,69,100,8.68,RU,overcast clouds
175,Rawson,-43.3002,-65.1023,73.45,27,0,13.85,AR,clear sky
176,Zhezkazgan,47.8043,67.7144,69.78,19,0,4.47,KZ,clear sky
177,Sept-Iles,50.2001,-66.3821,35.06,94,100,8.01,CA,light rain
178,Along,28.1667,94.7667,65.35,96,48,3.58,IN,scattered clouds
179,Aksu,41.1231,80.2644,68.22,16,7,7.02,CN,clear sky
180,Domoni,-12.2569,44.5319,81.88,86,52,6.51,KM,broken clouds
181,Geraldton,-28.7667,114.6,64.81,94,40,0.0,AU,scattered clouds
182,Careiro Da Varzea,-3.2003,-59.8119,84.81,80,100,1.16,BR,overcast clouds
183,Tomatlan,19.9333,-105.25,78.94,44,100,2.13,MX,overcast clouds
184,Port Hedland,-20.3167,118.5667,84.25,79,40,5.75,AU,scattered clouds
185,Buala,-8.145,159.5921,76.96,88,100,2.8,SB,moderate rain
186,Saint-Pierre,-21.3393,55.4781,78.48,72,75,20.71,RE,broken clouds
187,Port Said,31.2565,32.2841,64.02,67,36,14.29,EG,scattered clouds
188,Saint-Joseph,-21.3667,55.6167,77.38,81,47,15.99,RE,light rain
189,Natal,-5.795,-35.2094,88.45,62,40,8.05,BR,scattered clouds
190,Naron,43.5167,-8.1528,68.56,66,4,6.53,ES,clear sky
191,Coahuayana,18.7333,-103.6833,80.87,38,100,0.47,MX,overcast clouds
192,Springbok,-29.6643,17.8865,68.45,22,6,15.19,ZA,clear sky
193,Diebougou,10.9667,-3.25,101.52,24,100,3.31,BF,overcast clouds
194,Khasan,42.4308,130.6434,41.58,64,1,3.4,RU,clear sky
195,Kloulklubed,7.0419,134.2556,79.3,79,100,8.28,PW,overcast clouds
196,Broome,42.2506,-75.833,58.46,39,0,10.36,US,clear sky
197,Ingham,42.6,-84.3833,47.43,40,100,13.8,US,overcast clouds
198,Honiara,-9.4333,159.95,77.04,90,100,3.2,SB,overcast clouds
199,Isangel,-19.55,169.2667,79.3,84,75,6.89,VU,broken clouds
200,Zhigansk,66.7697,123.3711,10.9,93,66,14.65,RU,broken clouds
201,Taoudenni,22.6783,-3.9836,93.54,7,0,13.78,ML,clear sky
202,Cognac,45.5,-0.25,75.04,35,0,11.5,FR,clear sky
203,Itaqui,-29.1253,-56.5531,64.94,56,0,9.42,BR,clear sky
204,Chara,56.9064,118.2631,16.92,78,62,4.81,RU,broken clouds
205,Mumford,5.2618,-0.759,84.52,72,52,14.36,GH,broken clouds
206,Grand-Santi,4.25,-54.3833,79.99,80,100,3.78,GF,overcast clouds
207,Genhe,50.7833,121.5167,31.5,51,49,9.37,CN,scattered clouds
208,Abha,18.2164,42.5053,71.85,38,75,6.91,SA,broken clouds
209,Waddan,29.1614,16.139,94.48,9,0,15.19,LY,clear sky
210,Padang,-0.9492,100.3543,80.65,86,100,1.1,ID,moderate rain
211,Pevek,69.7008,170.3133,6.66,92,64,0.72,RU,broken clouds
212,Praya,14.9215,-23.5087,79.34,50,20,19.57,CV,few clouds
213,Bambous Virieux,-20.3428,57.7575,76.21,79,23,18.79,MU,light rain
214,Goderich,43.7501,-81.7165,47.91,68,78,18.7,CA,broken clouds
215,Kourou,5.1552,-52.6478,84.25,65,100,10.51,GF,light rain
216,Nicolas Bravo,18.45,-88.9167,80.08,70,80,5.06,MX,broken clouds
217,Yar-Sale,66.8333,70.8333,25.92,83,96,12.03,RU,overcast clouds
218,Te Anau,-45.4167,167.7167,56.26,77,98,11.12,NZ,overcast clouds
219,Rakaia,-43.75,172.0167,49.23,79,11,7.83,NZ,few clouds
220,Catole Do Rocha,-6.3439,-37.7467,89.69,48,13,4.76,BR,few clouds
221,Rocha,-34.4833,-54.3333,67.64,60,90,9.22,UY,overcast clouds
222,Sao Joao Da Barra,-21.6403,-41.0511,78.89,58,99,23.58,BR,overcast clouds
223,Aklavik,68.2191,-135.0107,-12.41,99,100,1.48,CA,overcast clouds
224,Kirovskiy,45.0917,133.5136,40.93,52,5,6.02,RU,clear sky
225,Cape Town,-33.9258,18.4232,68.11,49,0,13.0,ZA,clear sky
226,Mariestad,58.7097,13.8237,50.5,47,7,6.4,SE,clear sky
227,Ambon,-3.6954,128.1814,78.94,94,20,5.75,ID,few clouds
228,Chokurdakh,70.6333,147.9167,10.4,96,100,4.61,RU,light snow
229,Hasaki,35.7333,140.8333,46.8,89,100,31.14,JP,light rain
230,Andenes,69.3143,16.1194,40.98,60,20,9.22,NO,few clouds
231,Dunedin,-45.8742,170.5036,57.79,69,100,3.0,NZ,overcast clouds
232,Edeia,-17.3383,-49.9314,82.29,54,53,6.35,BR,broken clouds
233,Paamiut,61.994,-49.6678,21.58,72,51,13.35,GL,broken clouds
234,Ruidoso,33.3317,-105.673,65.05,9,0,17.27,US,clear sky
235,Alamos,27.0167,-108.9333,76.41,19,100,2.82,MX,overcast clouds
236,Cayenne,4.9333,-52.3333,84.24,8,75,13.8,GF,broken clouds
237,Vanimo,-2.6741,141.3028,79.56,86,82,4.25,PG,broken clouds
238,Sorland,67.667,12.6934,38.32,68,99,8.5,NO,overcast clouds
239,Ilulissat,69.2167,-51.1,-1.37,83,26,0.98,GL,scattered clouds
240,Ahipara,-35.1667,173.1667,55.67,87,95,4.79,NZ,overcast clouds
241,Montmagny,48.9734,2.3469,73.9,48,0,9.22,FR,clear sky
242,Olafsvik,64.8945,-23.7142,44.71,92,100,24.02,IS,light rain
243,Wajima,37.4,136.9,48.61,91,100,16.89,JP,overcast clouds
244,Puerto Colombia,10.9878,-74.9547,87.89,73,90,16.33,CO,overcast clouds
245,Soanierana Ivongo,-16.9167,49.5833,76.6,92,25,5.59,MG,light rain
246,Nikolskoye,59.7035,30.7861,42.69,88,100,7.94,RU,overcast clouds
247,Cabo San Lucas,22.8909,-109.9124,73.51,47,40,3.44,MX,scattered clouds
248,Medicine Hat,50.0501,-110.6683,22.21,77,99,2.89,CA,overcast clouds
249,Arinos,-15.9169,-46.1056,92.82,38,9,2.8,BR,clear sky
250,Hit,33.6416,42.8251,77.07,9,1,12.57,IQ,clear sky
251,Lumphat,13.4878,106.9816,76.68,89,72,4.34,KH,broken clouds
252,Amga,60.8953,131.9608,19.9,98,100,3.02,RU,overcast clouds
253,Faya,18.3851,42.4509,72.12,33,4,9.82,SA,clear sky
254,Rundu,-17.9333,19.7667,82.33,42,96,4.5,NA,overcast clouds
255,Dzaoudzi,-12.7887,45.2699,85.89,74,20,11.5,YT,few clouds
256,Pundaguitan,6.3711,126.1689,81.9,75,96,6.42,PH,overcast clouds
257,Coquimbo,-29.9533,-71.3436,60.53,67,75,3.44,CL,broken clouds
258,Pisco,-13.7,-76.2167,69.85,68,0,10.36,PE,clear sky
259,Galle,6.0367,80.217,81.99,76,5,4.05,LK,clear sky
260,Ola,59.5833,151.2833,21.63,87,100,3.22,RU,overcast clouds
261,Katobu,-4.9408,122.5276,76.12,94,41,3.65,ID,scattered clouds
262,San Patricio,28.017,-97.5169,77.09,92,100,7.18,US,overcast clouds
263,Carnarvon,-24.8667,113.6333,77.07,69,51,10.36,AU,broken clouds
264,Lere,10.387,8.5726,87.48,41,100,8.88,NG,light rain
265,Ostrovnoy,68.0531,39.5131,31.01,94,96,5.26,RU,overcast clouds
266,Egvekinot,66.3167,-179.1667,19.51,86,93,20.11,RU,overcast clouds
267,Boke,10.9409,-14.2967,102.04,19,7,8.34,GN,clear sky
268,Bam,29.106,58.357,87.19,16,89,11.61,IR,overcast clouds
269,Braganca,-1.0536,-46.7656,80.28,90,100,5.28,BR,overcast clouds
270,San Quintin,30.4833,-115.95,59.02,76,96,13.22,MX,overcast clouds
271,Cristalina,-16.7686,-47.6136,79.66,49,15,3.67,BR,few clouds
272,Muravlenko,63.7898,74.523,33.15,99,100,7.9,RU,snow
273,Bara,10.3744,10.7288,103.1,19,100,5.48,NG,overcast clouds
274,Lorengau,-2.0226,147.2712,81.97,78,43,6.24,PG,scattered clouds
275,Kayerkan,69.3497,87.7602,33.53,100,100,17.52,RU,light snow
276,Gachala,4.6924,-73.5204,68.59,80,100,3.96,CO,overcast clouds
277,Grindavik,63.8424,-22.4338,46.87,100,100,31.07,IS,light intensity drizzle
278,Guaratinga,-16.5667,-39.5667,95.56,39,76,3.8,BR,broken clouds
279,Nsanje,-16.92,35.262,86.27,65,9,4.99,MW,clear sky
280,Poum,-20.2333,164.0167,75.52,78,65,6.2,NC,broken clouds
281,General Pico,-35.6566,-63.7568,68.41,36,0,14.54,AR,clear sky
282,Tual,-5.6667,132.75,83.68,75,100,6.64,ID,overcast clouds
283,The Valley,18.217,-63.0578,82.09,69,40,17.27,AI,scattered clouds
284,Nyurba,63.2842,118.3319,19.36,92,97,9.46,RU,overcast clouds
285,Porto Novo,6.4965,2.6036,88.79,59,26,10.85,BJ,scattered clouds
286,Oum Hadjer,13.2954,19.6966,102.6,5,100,1.34,TD,overcast clouds
287,Ubinskoye,55.3068,79.6802,52.34,53,6,6.62,RU,clear sky
288,Kabompo,-13.5927,24.2008,72.82,86,100,3.69,ZM,light rain
289,Lagoa,39.05,-27.9833,58.77,78,72,20.42,PT,broken clouds
290,Ruwi,23.5996,58.5507,92.89,32,56,7.43,OM,broken clouds
291,Hisua,24.8333,85.4167,95.05,11,100,4.56,IN,overcast clouds
292,Port Lincoln,-34.7333,135.8667,65.44,82,0,10.65,AU,clear sky
293,Parkes,-33.1333,148.1833,57.34,76,91,4.29,AU,overcast clouds
294,Cabedelo,-6.9811,-34.8339,88.47,63,52,8.34,BR,broken clouds
295,Tuatapere,-46.1333,167.6833,59.16,65,92,10.2,NZ,light rain
296,Beipiao,41.7919,120.7792,49.21,19,0,6.24,CN,clear sky
297,Ca Mau,9.1769,105.15,81.16,82,98,4.18,VN,overcast clouds
298,Selu,19.4667,76.4667,96.37,13,95,6.46,IN,overcast clouds
299,Sasykoli,47.5515,46.9968,52.59,70,87,6.82,RU,overcast clouds
300,Takoradi,4.8845,-1.7554,84.7,70,100,11.97,GH,overcast clouds
301,Svetlyy,54.675,20.1347,42.85,91,100,17.52,RU,overcast clouds
302,Uvira,-3.4067,29.1458,77.65,82,100,5.14,CD,light rain
303,Belmonte,-15.8631,-38.8828,88.7,63,9,12.59,BR,clear sky
304,Karanja,20.4833,77.4833,95.36,13,90,8.63,IN,overcast clouds
305,Khatanga,71.9667,102.5,12.09,86,100,13.2,RU,overcast clouds
306,Moanda,-1.5575,13.2178,78.85,75,88,3.27,GA,light rain
307,Kieta,-6.2167,155.6333,78.93,83,100,2.51,PG,overcast clouds
308,Constitucion,-35.3333,-72.4167,59.18,67,83,3.91,CL,broken clouds
309,Kavieng,-2.5744,150.7967,82.15,78,52,9.75,PG,light rain
310,Sobolevo,54.4299,31.8996,47.88,93,100,4.47,RU,overcast clouds
311,Oranjemund,-28.55,16.4333,60.26,72,0,24.45,NA,clear sky
312,Marechal Floriano,-20.4128,-40.6831,75.45,72,87,8.93,BR,overcast clouds
313,Berlevag,70.8578,29.0864,33.6,89,81,11.68,NO,broken clouds
314,Mackenzie,55.2999,-123.1698,21.7,69,100,3.87,CA,overcast clouds
315,Palana,59.1167,159.9667,20.79,95,100,8.19,RU,light snow
316,Okha,53.5739,142.9478,24.4,89,22,6.93,RU,few clouds
317,Rudnogorsk,57.2639,103.7519,30.45,97,100,2.28,RU,overcast clouds
318,Matagami,49.7502,-77.6328,37.51,56,75,20.71,CA,broken clouds
319,Khuzhir,53.1939,107.3397,34.09,79,100,6.24,RU,overcast clouds
320,Srednekolymsk,67.45,153.6833,10.89,97,100,3.13,RU,overcast clouds
321,Atar,20.5169,-13.0499,97.2,5,0,8.57,MR,clear sky
322,Palmares Do Sul,-30.2578,-50.5097,62.94,76,100,10.67,BR,overcast clouds
323,Jardim,-21.4803,-56.1381,76.77,42,0,3.76,BR,clear sky
324,Denpasar,-8.65,115.2167,78.46,94,75,4.61,ID,broken clouds
325,Trabzon,40.9167,39.8333,44.69,81,40,4.61,TR,scattered clouds
326,Tahoua,14.8888,5.2692,104.11,14,92,11.92,NE,overcast clouds
327,Walvis Bay,-22.9575,14.5053,62.1,63,2,18.05,NA,clear sky
328,Jacareacanga,-6.2222,-57.7528,82.36,84,100,2.42,BR,overcast clouds
329,Alausi,-2.2,-78.8333,56.32,76,96,4.07,EC,overcast clouds
330,Treinta Y Tres,-33.2333,-54.3833,68.63,55,57,6.11,UY,broken clouds
331,Hamilton,39.1834,-84.5333,64.42,36,0,14.97,US,clear sky
332,Alofi,-19.0595,-169.9187,80.82,73,7,7.87,NU,clear sky
333,Bosaso,11.2842,49.1816,83.53,65,89,5.26,SO,overcast clouds
334,Faanui,-16.4833,-151.75,81.36,72,7,15.73,PF,light rain
335,Pashiya,58.4324,58.2562,36.81,97,100,2.93,RU,overcast clouds
336,Nichinan,31.6,131.3667,62.29,87,100,8.9,JP,overcast clouds
337,Acapulco,16.8634,-99.8901,82.22,69,40,4.61,MX,scattered clouds
338,Biak,-0.9131,122.8766,76.86,86,90,1.57,ID,overcast clouds
339,Casalnuovo Di Napoli,40.9092,14.3457,78.17,34,0,6.91,IT,clear sky
340,Kuandian,40.7286,124.7847,44.17,34,0,1.14,CN,clear sky
341,Shenzhen,22.5455,114.0683,76.98,84,27,12.97,CN,scattered clouds
342,Aswan,24.0934,32.907,96.04,4,0,14.45,EG,clear sky
343,Makakilo City,21.3469,-158.0858,71.92,70,0,9.22,US,clear sky
344,Tadine,-21.55,167.8833,72.68,92,95,4.54,NC,overcast clouds
345,Pangnirtung,66.1451,-65.7125,3.7,84,13,3.76,CA,few clouds
346,Meulaboh,4.1363,96.1285,79.39,86,100,1.7,ID,overcast clouds
347,Sampit,-2.5333,112.95,75.43,98,100,2.59,ID,moderate rain
348,Mariinsk,56.2139,87.7472,43.05,81,99,5.23,RU,overcast clouds
349,Santa Cruz,-17.8,-63.1667,74.66,57,40,12.66,BO,scattered clouds
350,Asau,46.4333,26.4,69.28,34,1,8.46,RO,clear sky
351,Clyde River,70.4692,-68.5914,-6.18,87,11,6.62,CA,few clouds
352,Peniche,39.3558,-9.3811,73.08,73,34,13.13,PT,scattered clouds
353,Inirida,3.8653,-67.9239,82.44,71,100,4.23,CO,overcast clouds
354,Shache,38.4167,77.2406,69.28,18,1,6.73,CN,clear sky
355,Ust-Maya,60.4167,134.5333,21.74,98,100,3.4,RU,overcast clouds
356,Esperance,-33.8667,121.9,60.06,76,3,13.62,AU,clear sky
357,Batagay-Alyta,67.8006,130.4114,-4.83,98,23,6.24,RU,few clouds
358,Shingu,33.7333,135.9833,56.95,91,77,6.29,JP,broken clouds
359,Bontang,0.1333,117.5,82.2,81,85,4.85,ID,overcast clouds
360,Sikandra Rao,27.7,78.4,90.82,12,37,5.08,IN,scattered clouds
361,Dudinka,69.4058,86.1778,34.63,90,100,15.1,RU,overcast clouds
362,Bilokurakyne,49.5341,38.7307,59.16,51,30,6.24,UA,scattered clouds
363,Luanda,-8.8368,13.2343,82.4,78,75,5.75,AO,broken clouds
364,Tamale,9.4008,-0.8393,97.52,34,81,6.38,GH,broken clouds
365,Tibati,6.4667,12.6333,92.01,28,85,6.11,CM,overcast clouds
366,Elat,29.5581,34.9482,85.84,19,6,12.66,IL,haze
367,Glace Bay,46.1969,-59.957,46.15,75,62,8.99,CA,broken clouds
368,Balabac,7.9868,117.0645,80.69,79,9,7.29,PH,clear sky
369,Mandera,3.9366,41.867,88.16,51,99,15.66,KE,overcast clouds
370,Igunga,-4.2833,33.8833,77.04,56,97,5.59,TZ,light rain
371,Harlingen,26.1906,-97.6961,79.05,90,100,10.36,US,overcast clouds
372,Diamantino,-14.4086,-56.4461,75.24,85,100,6.49,BR,overcast clouds
373,Celestun,20.8667,-90.4,83.14,65,53,12.44,MX,broken clouds
374,Gigmoto,13.7796,124.39,77.86,83,4,3.96,PH,clear sky
375,Saiha,22.4833,92.9667,68.11,95,11,3.78,IN,few clouds
376,Yerbogachen,61.2767,108.0108,13.89,93,100,1.23,RU,overcast clouds
377,Beloha,-25.1667,45.05,82.76,58,99,4.18,MG,overcast clouds
378,Penzance,50.1186,-5.5371,56.52,88,20,9.22,GB,few clouds
379,Bilibino,68.0546,166.4372,4.84,94,21,4.99,RU,few clouds
380,Taltal,-25.4,-70.4833,64.65,67,0,7.52,CL,clear sky
381,Saldanha,-33.0117,17.9442,63.34,54,0,28.23,ZA,clear sky
382,Guymon,36.6828,-101.4816,55.4,21,0,0.0,US,clear sky
383,Sakhnovshchyna,49.1517,35.872,59.36,49,89,8.23,UA,overcast clouds
384,Caltagirone,37.2368,14.5126,60.67,56,100,21.68,IT,overcast clouds
385,Sabzevar,36.2126,57.6819,78.78,19,100,5.23,IR,overcast clouds
386,Madimba,-10.4,40.3333,81.68,81,59,10.83,TZ,broken clouds
387,Almaya,19.2333,-99.4167,64.45,55,75,4.61,MX,broken clouds
388,Terrace,54.5163,-128.6035,33.89,65,79,1.97,CA,broken clouds
389,Dawlatabad,36.4141,64.9053,80.47,16,14,4.83,AF,few clouds
390,Doembang Nangbuat,14.8333,100.1,88.05,41,4,14.03,TH,light rain
391,Magistralnyy,56.1725,107.4458,31.41,96,100,2.3,RU,overcast clouds
392,Mayahi,13.9553,7.6712,99.73,23,86,8.08,NE,light rain
393,Qarqin,37.4185,66.0436,85.95,12,3,5.08,AF,clear sky
394,Erzin,36.9559,36.2,65.23,49,7,3.06,TR,clear sky
395,San Pedro,14.35,121.0167,82.35,83,20,4.61,PH,few clouds
396,Nishihara,26.1842,127.7558,70.88,81,75,21.85,JP,broken clouds
397,Matamba,-8.9833,33.9667,61.88,91,82,3.69,TZ,light rain
398,Peterhead,57.5058,-1.7981,55.45,93,100,19.08,GB,overcast clouds
399,Codrington,-38.2667,141.9667,58.32,97,91,3.8,AU,overcast clouds
400,Trelew,-43.249,-65.3051,75.92,21,0,11.34,AR,clear sky
401,Port Keats,-14.25,129.55,81.5,78,92,2.3,AU,overcast clouds
402,Itaituba,-4.2761,-55.9836,81.68,88,99,3.2,BR,overcast clouds
403,Corrente,-3.7367,-43.3394,88.38,58,30,3.83,BR,scattered clouds
404,Takaka,-40.85,172.8,58.55,90,5,4.47,NZ,clear sky
405,Ekibastuz,51.6667,75.3667,61.11,25,0,10.51,KZ,clear sky
406,Agnibilekrou,7.1344,-3.2047,94.39,39,87,3.2,CI,overcast clouds
407,Les Cayes,18.2,-73.75,81.27,68,19,10.89,HT,few clouds
408,San Cristobal,7.7669,-72.225,75.38,57,84,7.92,VE,broken clouds
409,Broceni,56.7,22.5333,40.48,75,99,13.24,LV,overcast clouds
410,Awjilah,29.1081,21.2869,98.06,7,100,19.84,LY,overcast clouds
411,Worcester,42.3334,-71.8328,60.03,34,0,19.57,US,clear sky
412,Vila Franca Do Campo,37.7167,-25.4333,63.01,80,37,13.62,PT,light rain
413,Kruisfontein,-34.0033,24.7314,60.89,53,100,8.03,ZA,overcast clouds
414,Abnub,27.2696,31.1511,90.28,6,1,15.01,EG,clear sky
415,Palmer,42.1584,-72.3287,62.44,27,20,16.11,US,few clouds
416,Bairiki,1.3292,172.9752,78.8,89,20,5.75,KI,few clouds
417,Zaragoza,41.6561,-0.8773,80.85,32,0,4.0,ES,clear sky
418,Marawi,7.9986,124.2928,68.61,93,74,0.74,PH,broken clouds
419,Huarmey,-10.0681,-78.1522,70.9,74,13,10.47,PE,few clouds
420,Dmitrovsk-Orlovskiy,52.505,35.1464,54.23,63,100,6.87,RU,overcast clouds
421,Narsaq,60.9167,-46.05,27.75,63,85,5.84,GL,overcast clouds
422,Xining,36.6167,101.7667,41.36,73,100,5.17,CN,overcast clouds
423,Inuvik,68.3499,-133.7218,-6.74,77,20,3.44,CA,few clouds
424,Salcininkai,54.3,25.3833,46.83,87,100,13.44,LT,overcast clouds
425,Petropavlovka,50.6114,105.3196,39.83,44,23,2.8,RU,few clouds
426,Agadir,30.4202,-9.5982,81.05,36,13,9.84,MA,few clouds
427,Buchanan,5.8808,-10.0467,85.57,67,92,8.97,LR,light rain
428,Dolores,-36.3132,-57.6792,65.19,50,0,5.86,AR,clear sky
429,Sitka,57.0531,-135.33,33.69,55,0,0.0,US,clear sky
430,Lasa,46.6166,10.7002,72.7,77,99,5.95,IT,overcast clouds
431,Kayes,14.0,-11.0,106.23,6,74,4.41,ML,broken clouds
432,Lugovoy,42.9472,72.7644,62.91,57,0,5.5,KZ,clear sky
433,Matamoros,25.5333,-103.25,73.51,53,75,4.61,MX,broken clouds
434,Klamath Falls,42.2249,-121.7817,30.87,77,0,0.0,US,clear sky
435,Severo-Kurilsk,50.6789,156.125,25.2,76,19,5.61,RU,few clouds
436,Kalino,58.2504,57.6085,40.37,95,100,2.95,RU,overcast clouds
437,Faridpur,23.6,89.8333,85.3,68,36,18.81,BD,scattered clouds
438,Evensk,61.95,159.2333,23.83,96,100,4.61,RU,light snow
439,Karratha,-20.7377,116.8463,84.78,72,20,2.51,AU,few clouds
440,Kodiak,57.79,-152.4072,40.51,81,100,19.57,US,moderate rain
441,Morondava,-20.2833,44.2833,83.91,73,9,8.08,MG,clear sky
442,Lujan,-34.5703,-59.105,66.02,64,1,1.99,AR,clear sky
443,Mogadishu,2.0371,45.3438,83.3,74,97,14.52,SO,overcast clouds
444,Krasnoselkup,65.7,82.4667,29.86,92,100,10.27,RU,overcast clouds
445,Deniliquin,-35.5333,144.9667,62.58,58,57,5.59,AU,broken clouds
446,Georgetown,5.4112,100.3354,82.33,89,20,0.0,MY,few clouds
447,Stornoway,58.2093,-6.3865,57.16,75,75,5.75,GB,broken clouds
448,Okhotsk,59.3833,143.3,12.18,89,42,4.18,RU,scattered clouds
449,Ulladulla,-35.35,150.4667,62.46,82,100,6.08,AU,overcast clouds
450,Kailua,21.4022,-157.7394,73.38,79,71,3.0,US,broken clouds
451,Caiaponia,-16.9567,-51.8103,79.61,61,35,5.46,BR,scattered clouds
452,Kutum,14.2,24.6667,92.03,5,28,10.49,SD,scattered clouds
453,Portland,45.5234,-122.6762,38.75,94,40,4.0,US,mist
454,Rapid Valley,44.0625,-103.1463,22.77,62,100,17.27,US,overcast clouds
455,Ambilobe,-13.2,49.05,81.36,70,31,8.12,MG,scattered clouds
456,San Buenaventura,27.0833,-101.5333,74.48,68,100,0.0,MX,overcast clouds
457,Jiangyou,31.7667,104.7167,50.05,92,100,2.59,CN,overcast clouds
458,Ondo,7.1,4.8333,90.03,48,89,4.12,NG,overcast clouds
459,Verkhnevilyuysk,63.4453,120.3167,25.43,93,100,7.0,RU,overcast clouds
460,Lata,40.1629,-8.3327,76.5,49,72,10.31,PT,broken clouds
461,Tiznit,29.5833,-9.5,81.79,22,54,7.05,MA,broken clouds
462,Darhan,49.4867,105.9228,41.2,43,0,5.23,MN,clear sky
463,Haimen,23.1935,116.6142,67.89,77,34,27.0,CN,scattered clouds
464,Mbini,1.574,9.6134,82.26,74,80,6.11,GQ,broken clouds
465,Shediac,46.2198,-64.5411,43.32,87,75,9.22,CA,broken clouds
466,Turbat,26.0023,63.044,92.64,24,3,11.1,PK,clear sky
467,Bardiyah,31.7561,25.0865,62.92,69,100,14.52,LY,overcast clouds
468,Tura,25.5198,90.2201,77.0,78,0,8.77,IN,clear sky
469,Barreirinhas,-2.7469,-42.8264,85.89,70,84,8.3,BR,moderate rain
470,Cap-Aux-Meules,47.3821,-61.8597,35.29,87,95,13.82,CA,overcast clouds
471,Ornes,66.8689,13.7078,38.39,68,99,3.6,NO,overcast clouds
472,Macia,-25.0269,33.0989,85.42,62,29,10.47,MZ,scattered clouds
473,Esna,25.2934,32.554,95.34,4,0,13.85,EG,clear sky
474,Talcahuano,-36.7167,-73.1167,55.08,76,100,6.91,CL,overcast clouds
475,Ardakan,32.31,54.0175,75.81,30,100,10.56,IR,overcast clouds
476,Hutchinson,38.0608,-97.9298,59.74,49,0,8.05,US,clear sky
477,Lucapa,-8.4192,20.7447,77.22,75,81,1.21,AO,light rain
478,Lufilufi,-13.8745,-171.5986,76.78,76,24,14.85,WS,light rain
479,Lodja,-3.4833,23.4333,70.75,99,100,2.57,CD,moderate rain
480,Nioro,13.35,-15.75,102.16,10,7,5.41,GM,clear sky
481,Sierning,48.0436,14.3082,66.69,56,10,9.84,AT,clear sky
482,Baoying,33.2292,119.3092,46.45,52,94,6.15,CN,overcast clouds
483,Tigil,57.8,158.6667,23.49,92,100,12.39,RU,overcast clouds
484,Uravakonda,14.95,77.2667,85.87,42,83,13.94,IN,broken clouds
485,Hovd,48.0056,91.6419,33.8,35,0,6.87,MN,clear sky
486,Singaparna,-7.3515,108.111,72.63,95,75,1.16,ID,broken clouds
487,Port Macquarie,-31.4333,152.9167,59.9,79,39,4.16,AU,scattered clouds
488,Bathsheba,13.2167,-59.5167,84.81,70,40,23.02,BB,scattered clouds
489,Changji,44.0167,87.3167,48.99,13,0,2.24,CN,clear sky
490,Impfondo,1.6381,18.0667,84.92,57,93,1.36,CG,overcast clouds
491,Butka,56.7179,63.7866,52.92,89,100,7.81,RU,overcast clouds
492,La Asuncion,11.0333,-63.8628,80.44,71,91,15.32,VE,overcast clouds
493,Capelinha,-17.6914,-42.5158,78.4,69,13,1.99,BR,few clouds
494,Kamenka,51.3223,42.7678,52.66,52,40,9.48,RU,scattered clouds
495,Pinega,64.7001,43.3936,31.87,72,98,8.7,RU,overcast clouds
496,Jilin,43.0,126.0,43.11,33,0,6.78,CN,clear sky
497,Opatija,45.3392,14.3083,70.27,53,92,1.86,HR,overcast clouds
498,Endicott,42.0984,-76.0494,60.04,34,0,10.36,US,clear sky
499,Bridgeton,39.4273,-75.2341,66.88,25,25,1.99,US,scattered clouds
500,Isoka,-10.1606,32.6335,70.65,86,76,4.83,ZM,light rain
501,Severo-Yeniseyskiy,60.3725,93.0408,32.5,96,99,4.52,RU,overcast clouds
502,Scarborough,54.2797,-0.4044,60.37,82,100,3.0,GB,overcast clouds
503,Mehamn,71.0357,27.8492,34.2,100,99,9.73,NO,light snow
504,Lac-Au-Saumon,48.421,-67.3476,37.11,98,100,3.71,CA,overcast clouds
505,Aachen,50.7766,6.0834,60.96,69,96,3.0,DE,overcast clouds
506,Seymchan,62.8833,152.4333,5.74,95,99,3.58,RU,overcast clouds
507,Banbury,52.0602,-1.3403,69.96,59,73,4.54,GB,broken clouds
508,Muncar,-8.4333,114.3333,78.6,88,87,1.43,ID,overcast clouds
509,Nizhnyaya Omka,55.4338,74.9426,55.76,42,23,8.93,RU,few clouds
510,Riyadh,24.6877,46.7219,91.54,17,89,5.19,SA,overcast clouds
511,Chermoz,58.787,56.1489,35.76,93,100,3.85,RU,overcast clouds
512,Sur,22.5667,59.5289,92.43,34,18,6.24,OM,few clouds
513,Kokopo,-4.352,152.2633,77.32,85,30,3.02,PG,light rain
514,Coolum Beach,-26.5333,153.1,66.11,84,88,12.48,AU,overcast clouds
515,Hangu,39.2489,117.7892,59.04,16,6,11.72,CN,clear sky
516,Tatarsk,55.219,75.9828,55.09,44,31,8.5,RU,scattered clouds
517,Andilamena,-17.0167,48.5833,67.48,92,84,10.85,MG,broken clouds
518,Yenagoa,4.9247,6.2642,90.16,54,100,8.23,NG,overcast clouds
519,Casablanca,33.5928,-7.6192,79.02,56,0,5.99,MA,clear sky
520,Matadi,-5.8167,13.45,76.68,94,100,5.23,CD,moderate rain
521,Vysokogornyy,50.1167,139.15,17.89,91,35,3.13,RU,scattered clouds
522,Omboue,-1.5746,9.2618,78.85,87,100,3.76,GA,moderate rain
523,Outjo,-20.1167,16.15,84.7,22,6,9.42,NA,clear sky
524,Chicama,-7.8447,-79.1469,63.14,68,30,8.68,PE,scattered clouds
525,Tazmalt,36.3868,4.3989,61.14,82,99,7.34,DZ,light rain
526,Fort-Shevchenko,44.5086,50.263,50.83,72,3,7.85,KZ,clear sky
527,Staryy Nadym,65.6118,72.6842,27.64,86,100,9.01,RU,overcast clouds
528,Sorgun,39.8101,35.186,51.62,52,98,9.04,TR,overcast clouds
529,Broken Hill,-31.95,141.4333,67.01,39,5,8.32,AU,clear sky
530,Wanning,18.8003,110.3967,76.03,92,2,5.3,CN,clear sky
531,Farsund,58.0948,6.8047,49.05,31,58,5.75,NO,broken clouds
532,Abu Samrah,35.3029,37.1841,70.11,19,95,6.22,SY,overcast clouds
533,Lompoc,34.6391,-120.4579,58.59,84,0,18.01,US,clear sky
534,Nova Olinda Do Norte,-3.8881,-59.0942,86.49,69,100,1.61,BR,overcast clouds
535,Petropavlovsk-Kamchatskiy,53.0452,158.6483,27.19,59,40,6.71,RU,scattered clouds
536,Barreirinha,-2.7933,-57.07,81.54,86,100,3.96,BR,overcast clouds
537,Bahar,34.9072,48.4414,64.56,39,20,13.8,IR,few clouds
538,Ketchikan,55.3422,-131.6461,37.38,69,0,5.75,US,clear sky
539,Mugur-Aksy,50.35,90.5,27.59,44,15,3.83,RU,few clouds
540,Kita,13.0349,-9.4895,110.08,6,81,0.83,ML,broken clouds
541,Muroto,33.2833,134.15,59.79,80,100,8.1,JP,overcast clouds
542,Pacific Grove,36.6177,-121.9166,54.34,92,100,4.61,US,mist
543,Xichang,27.8964,102.2634,54.72,87,42,7.11,CN,scattered clouds
544,Natitingou,10.3042,1.3796,90.7,43,94,5.66,BJ,moderate rain
545,Ranau,5.9538,116.6641,69.37,94,83,1.74,MY,broken clouds
546,Emerald,-23.5333,148.1667,64.35,55,0,8.28,AU,clear sky
547,Tautira,-17.7333,-149.15,80.67,73,19,17.22,PF,few clouds
548,Balkanabat,39.5108,54.3671,65.66,32,100,7.58,TM,overcast clouds
549,Tres Arroyos,-38.3739,-60.2798,63.46,45,0,15.41,AR,clear sky
550,Namatanai,-3.6667,152.4333,79.75,82,34,6.11,PG,light rain
551,Bar Harbor,44.3876,-68.2039,53.65,86,100,5.99,US,overcast clouds
552,Avera,33.194,-82.5271,69.55,34,18,15.5,US,few clouds
553,Newport,51.5877,-2.9984,69.67,68,5,6.46,GB,clear sky
554,Nadym,65.5333,72.5167,27.25,87,100,8.28,RU,overcast clouds
555,Dodge City,37.7528,-100.0171,59.23,39,0,8.05,US,clear sky
556,Ancud,-41.8697,-73.8203,57.22,81,92,3.24,CL,overcast clouds
557,Krasnyy Yar,46.5331,48.3456,55.33,58,99,8.84,RU,overcast clouds
558,Weligama,5.9667,80.4167,80.83,80,5,3.42,LK,clear sky
559,Veraval,20.9,70.3667,80.94,75,0,10.18,IN,clear sky
560,Arlit,18.7369,7.3853,104.99,5,22,18.66,NE,few clouds
561,Sola,-13.8833,167.55,75.87,100,20,0.0,VU,few clouds
562,Rafraf,37.1904,10.1837,64.71,68,100,13.38,TN,overcast clouds
563,Marsh Harbour,26.5412,-77.0636,75.42,72,100,3.71,BS,light rain
564,San Luis,-33.295,-66.3356,71.82,25,9,8.1,AR,clear sky
565,Eskilstuna,59.3666,16.5077,51.58,44,22,8.01,SE,few clouds
566,Verkhoyansk,67.5447,133.385,-1.62,100,47,3.47,RU,scattered clouds
567,Troitskoye,52.9821,84.6757,48.47,57,5,4.61,RU,clear sky
568,Taphan Hin,16.2209,100.4198,91.96,44,5,4.21,TH,clear sky
569,Uyuni,-20.4597,-66.825,52.59,15,0,20.51,BO,clear sky
570,Homer,59.6425,-151.5483,39.07,64,100,15.99,US,overcast clouds
571,Santo Domingo,18.5001,-69.9886,83.93,70,75,5.75,DO,broken clouds
572,Axim,4.8699,-2.2405,84.81,70,98,8.93,GH,overcast clouds
573,Taraz,42.9,71.3667,66.61,52,1,0.0,KZ,clear sky
574,Paka,4.6374,103.4368,78.73,94,100,0.0,MY,overcast clouds
575,Camacha,33.0833,-16.3333,62.02,68,20,16.11,PT,few clouds
576,Hualmay,-11.0964,-77.6139,69.76,75,45,9.93,PE,scattered clouds
577,Mbandaka,0.0487,18.2603,82.17,65,94,3.89,CD,light rain
578,Ranong,9.9658,98.6348,80.02,79,4,4.32,TH,clear sky
579,Saint Simons,31.1352,-81.3901,79.02,60,0,18.41,US,clear sky
580,Khorixas,-20.3667,14.9667,86.45,21,0,10.25,NA,clear sky
581,San Policarpo,12.1791,125.5072,78.85,82,27,3.67,PH,scattered clouds
582,Lavrentiya,65.5833,-171.0,26.89,90,99,15.64,RU,overcast clouds
583,Volot,57.9278,30.7025,40.73,80,94,9.15,RU,overcast clouds
584,Bereda,43.2686,-7.5406,77.41,48,0,0.56,ES,clear sky
585,Matai,-8.3,31.5167,67.44,84,98,5.01,TZ,light rain
586,Rosarito,32.3333,-117.0333,59.41,75,33,2.77,MX,scattered clouds
587,Ponta Delgada,37.7333,-25.6667,63.32,88,75,12.66,PT,broken clouds
588,Umm Kaddadah,13.6017,26.6876,98.22,5,33,14.5,SD,scattered clouds
589,Beziers,43.3476,3.219,81.88,36,0,11.5,FR,clear sky
590,Kemijarvi,66.7131,27.4306,38.39,57,90,7.47,FI,overcast clouds
591,Abomey-Calavi,6.4485,2.3557,87.66,70,20,6.91,BJ,few clouds
592,Port Hardy,50.6996,-127.4199,41.0,93,20,4.61,CA,few clouds
593,Novochernorechenskiy,56.2669,91.0828,37.13,82,83,4.05,RU,broken clouds
594,Palkonda,18.6,83.75,86.16,65,100,5.61,IN,overcast clouds
595,Johi,26.6921,67.6133,99.18,7,0,3.38,PK,clear sky
596,Smolensk,55.0,33.0,44.89,92,100,3.44,RU,light rain
597,Porto Nacional,-10.7081,-48.4172,86.0,62,85,2.95,BR,overcast clouds
598,Liverpool,53.4106,-2.9779,66.29,69,75,9.22,GB,broken clouds
599,Moron,-34.6534,-58.6198,65.95,68,2,6.13,AR,clear sky
600,Sembe,1.6481,14.5806,82.72,63,94,3.51,CG,overcast clouds
601,Port-Cartier,50.0334,-66.8654,34.75,100,100,5.64,CA,light snow
602,Esso,55.9333,158.7,8.46,93,100,5.08,RU,overcast clouds
603,La Ronge,55.1001,-105.2842,16.02,53,75,6.91,CA,broken clouds
604,Inhambane,-23.865,35.3833,84.18,84,20,9.22,MZ,few clouds
605,Chorozinho,-4.3003,-38.4978,88.65,59,86,3.83,BR,overcast clouds
606,Gat,31.61,34.7642,74.39,47,0,13.04,IL,clear sky
607,Taxisco,14.0708,-90.4631,88.03,52,67,4.68,GT,broken clouds
608,Sibu,2.3,111.8167,75.51,94,40,0.0,MY,scattered clouds
609,Carauari,-4.8828,-66.8958,72.73,99,100,1.81,BR,overcast clouds
610,Emba,48.8264,58.1442,54.64,47,4,8.41,KZ,clear sky
611,Zhireken,52.8249,117.3076,26.98,67,20,3.47,RU,few clouds
612,High Level,58.5169,-117.136,15.91,57,40,2.3,CA,scattered clouds
613,Siuna,13.7332,-84.7773,80.1,70,100,2.89,NI,overcast clouds
614,Esmeraldas,-19.7625,-44.3139,82.51,55,21,3.27,BR,few clouds
615,Bahia Honda,22.9036,-83.1592,84.61,59,1,5.88,CU,clear sky
616,Auki,-8.7676,160.7034,77.13,84,100,0.98,SB,overcast clouds
617,Chernyshevskiy,63.0128,112.4714,-2.74,99,11,3.38,RU,few clouds
618,Zhangye,38.9342,100.4517,56.39,45,98,6.26,CN,overcast clouds
619,Gavle,60.6745,17.1417,47.37,51,6,4.0,SE,clear sky
620,Olpad,21.3333,72.75,82.38,74,0,15.03,IN,clear sky
621,Tres Picos,15.8667,-93.5333,88.11,56,43,5.21,MX,scattered clouds
622,Asosa,10.0667,34.5333,61.39,85,100,5.41,ET,moderate rain
623,Oerlinghausen,51.9545,8.6622,53.6,70,91,7.85,DE,overcast clouds
624,Kasongo-Lunda,-6.4667,16.8167,74.1,92,100,2.77,CD,overcast clouds
625,Surt,31.2089,16.5887,81.45,33,0,5.32,LY,clear sky
626,Camopi,3.1655,-52.3158,85.15,61,73,5.99,GF,broken clouds
627,Anapskaya,44.89,37.38,51.26,87,75,11.18,RU,broken clouds
628,Bhuj,23.2667,69.6667,82.35,61,0,17.96,IN,clear sky
629,Jutai,-5.1833,-68.9,76.15,92,100,2.35,BR,overcast clouds
630,Saryozek,44.3583,77.9753,59.16,27,0,4.61,KZ,clear sky
631,Alice Springs,-23.7,133.8833,74.75,35,4,3.44,AU,clear sky
632,Morehead,37.2711,-87.1764,64.85,39,0,10.36,US,clear sky
633,Nanortalik,60.1432,-45.2371,26.73,70,100,14.45,GL,overcast clouds
634,Waipawa,-41.4122,175.5153,48.04,81,11,8.57,NZ,few clouds
635,Vestmannaeyjar,63.4427,-20.2734,47.39,93,75,26.46,IS,broken clouds
636,Tikrit,34.6071,43.6782,76.39,12,32,11.79,IQ,scattered clouds
637,Vestmanna,62.1564,-7.1664,47.32,100,100,12.66,FO,overcast clouds
638,San Matias,-16.3667,-58.4,82.02,48,0,6.46,BO,clear sky
639,Yelizovo,53.1873,158.3805,28.54,59,40,6.71,RU,scattered clouds
640,Naryan-Mar,67.6713,53.087,20.71,91,73,7.63,RU,broken clouds
641,Gizo,-8.103,156.8419,80.35,80,100,8.7,SB,overcast clouds
642,Sheopur,25.6667,76.7,93.67,8,3,7.2,IN,clear sky
643,Fort Nelson,58.8053,-122.7002,17.19,45,20,4.61,CA,few clouds
644,Richards Bay,-28.783,32.0377,72.23,87,26,22.12,ZA,light rain
645,Vallenar,-28.5708,-70.7581,66.47,47,0,3.06,CL,clear sky
646,Zofingen,47.2878,7.9459,69.69,64,88,5.99,CH,overcast clouds
647,Uyskoye,54.3775,60.0047,49.48,60,6,7.29,RU,clear sky
648,Buritizeiro,-17.3511,-44.9622,89.83,41,14,4.9,BR,few clouds
649,Usinsk,65.9939,57.5281,26.46,83,100,13.13,RU,overcast clouds
650,Promyshlennaya,54.9159,85.6385,45.32,72,13,3.83,RU,few clouds
651,Sistranda,63.7256,8.834,49.96,78,84,7.27,NO,broken clouds
652,Mayumba,-3.432,10.6554,82.33,73,100,3.83,GA,light rain
653,Comodoro Rivadavia,-45.8667,-67.5,69.66,32,0,17.27,AR,clear sky
654,Iskilip,40.7353,34.4739,56.66,46,95,5.35,TR,overcast clouds
655,Mandalgovi,45.7625,106.2708,32.2,39,78,2.08,MN,broken clouds
656,Bindura,-17.3019,31.3306,78.15,56,33,3.06,ZW,scattered clouds
657,Nemuro,43.3236,145.575,33.78,90,100,12.71,JP,overcast clouds
658,Iskateley,67.6803,53.1512,20.57,91,75,7.67,RU,broken clouds
659,Bourail,-21.5667,165.4833,70.21,94,88,0.47,NC,overcast clouds
660,Tabora,-5.0167,32.8,79.18,56,100,1.95,TZ,overcast clouds
661,Jackson,42.4165,-122.8345,37.74,82,20,3.44,US,few clouds
662,Sale,34.0389,-6.8166,78.64,73,20,10.36,MA,few clouds
663,Tessalit,20.1986,1.0114,93.18,8,19,15.84,ML,few clouds
664,Vila,42.0304,-8.1588,68.7,48,9,4.03,PT,clear sky
665,Hurricane,37.1753,-113.2899,60.6,24,5,3.33,US,clear sky
